[{"id":1672214628,"title":"Blog Template","order":1,"templateKey":"blog","customTemplate":false,"customTemplateFilename":null,"pageLinks":[],"dateCreated":"2024-05-21T21:42:32.666Z","dateUpdated":"2024-05-21T21:42:33.196Z","folderId":null,"pageName":"Blog Template","serverPageId":null,"sectionCount":1,"status":2,"backwardUrl":null},{"id":861029808,"title":"Post Template","order":2,"templateKey":"post","customTemplate":false,"customTemplateFilename":null,"pageLinks":[],"dateCreated":"2024-05-21T21:42:32.725Z","dateUpdated":"2024-05-21T21:42:33.196Z","folderId":null,"pageName":"Post Template","serverPageId":null,"sectionCount":1,"status":2,"backwardUrl":null},{"id":40645334,"title":"Product List Template","order":3,"templateKey":"products","customTemplate":false,"customTemplateFilename":null,"pageLinks":[],"dateCreated":"2024-05-21T21:42:32.774Z","dateUpdated":"2024-05-21T21:42:33.196Z","folderId":null,"pageName":"Product List Template","serverPageId":null,"sectionCount":1,"status":2,"backwardUrl":null},{"id":868926275,"title":"Product Details Template","order":4,"templateKey":"product","customTemplate":false,"customTemplateFilename":null,"pageLinks":[],"dateCreated":"2024-05-21T21:42:32.828Z","dateUpdated":"2024-05-21T21:42:33.196Z","folderId":null,"pageName":"Product Details Template","serverPageId":null,"sectionCount":1,"status":2,"backwardUrl":null},{"id":94827633,"title":"Shopping Cart Template","order":5,"templateKey":"cart","customTemplate":false,"customTemplateFilename":null,"pageLinks":[],"dateCreated":"2024-05-21T21:42:32.880Z","dateUpdated":"2024-05-21T21:42:33.196Z","folderId":null,"pageName":"Shopping Cart Template","serverPageId":null,"sectionCount":1,"status":2,"backwardUrl":null},{"id":248165253,"title":"Checkout Template","order":6,"templateKey":"checkout","customTemplate":false,"customTemplateFilename":null,"pageLinks":[],"dateCreated":"2024-05-21T21:42:32.959Z","dateUpdated":"2024-05-21T21:42:33.197Z","folderId":null,"pageName":"Checkout Template","serverPageId":null,"sectionCount":1,"status":2,"backwardUrl":null},{"id":679320000,"title":"Login Template","order":7,"templateKey":"login","customTemplate":false,"customTemplateFilename":null,"pageLinks":[],"dateCreated":"2024-05-21T21:42:32.998Z","dateUpdated":"2024-05-21T21:42:33.197Z","folderId":null,"pageName":"Login Template","serverPageId":null,"sectionCount":1,"status":2,"backwardUrl":null},{"id":234094599,"title":"Page Password Template","order":8,"templateKey":"password","customTemplate":false,"customTemplateFilename":null,"pageLinks":[],"dateCreated":"2024-05-21T21:42:33.025Z","dateUpdated":"2024-05-21T21:42:33.197Z","folderId":null,"pageName":"Page Password Template","serverPageId":null,"sectionCount":1,"status":2,"backwardUrl":null},{"id":133237565,"title":"404 Not Found Template","order":9,"templateKey":"404","customTemplate":false,"customTemplateFilename":null,"pageLinks":[],"dateCreated":"2024-05-21T21:42:33.050Z","dateUpdated":"2024-05-21T21:42:33.197Z","folderId":null,"pageName":"404 Not Found Template","serverPageId":null,"sectionCount":1,"status":2,"backwardUrl":null},{"id":2045525903,"title":"Thank You Page Template","order":10,"templateKey":"ThankYou","customTemplate":false,"customTemplateFilename":null,"pageLinks":[],"dateCreated":"2024-05-21T21:42:33.072Z","dateUpdated":"2024-05-21T21:42:33.197Z","folderId":null,"pageName":"Thank You Page Template","serverPageId":null,"sectionCount":1,"status":2,"backwardUrl":null},{"id":52611005,"title":"page 2","order":100,"templateKey":null,"customTemplate":false,"customTemplateFilename":null,"pageLinks":[],"dateCreated":"2024-05-21T21:42:33.088Z","dateUpdated":"2024-05-22T00:40:32.159Z","folderId":null,"pageName":"page 2_52611005","serverPageId":null,"sectionCount":1,"status":2,"backwardUrl":null},{"id":466602204,"title":"Contact","order":101,"templateKey":null,"customTemplate":false,"customTemplateFilename":null,"pageLinks":[],"dateCreated":"2024-05-21T21:42:33.102Z","dateUpdated":"2024-05-22T01:28:16.448Z","folderId":null,"pageName":"Contact_466602204","serverPageId":null,"sectionCount":1,"status":2,"backwardUrl":null},{"id":63961622,"title":"Home","order":102,"templateKey":null,"customTemplate":false,"customTemplateFilename":null,"pageLinks":[],"dateCreated":"2024-05-21T21:44:32.122Z","dateUpdated":"2024-05-22T01:43:11.190Z","folderId":null,"pageName":"Home_63961622","serverPageId":null,"sectionCount":4,"status":2,"backwardUrl":null},{"id":14747174,"title":"Photos","order":103,"templateKey":null,"customTemplate":false,"customTemplateFilename":null,"pageLinks":[],"dateCreated":"2024-05-22T00:28:51.603Z","dateUpdated":"2024-05-22T01:33:53.644Z","folderId":null,"pageName":"Photos_14747174","serverPageId":null,"sectionCount":3,"status":2,"backwardUrl":null},{"id":148693746,"title":"Our Team","order":104,"templateKey":null,"customTemplate":false,"customTemplateFilename":null,"pageLinks":[],"dateCreated":"2024-05-22T00:37:24.776Z","dateUpdated":"2024-05-22T01:36:30.604Z","folderId":null,"pageName":"Our Team_148693746","serverPageId":null,"sectionCount":2,"status":2,"backwardUrl":null}]