[{"id":"user-image-photo-1365_singular_display_fullPicture.jpeg","publicUrl":"np://user.desktop.nicepage.com/Site_99992222/images/photo-1365_singular_display_fullPicture.jpeg","size":2530432,"hash":"HWhQZX/0lgTu4MkjfYD0pUgwUr8=","fileName":"photo-1365_singular_display_fullPicture.jpeg","name":"photo-1365_singular_display_fullPicture","width":3024,"height":4032,"thumbnail":{"url":"np://user.desktop.nicepage.com/Site_99992222/images/thumbnails/photo-1365_singular_display_fullPicture.jpeg","width":188,"height":250},"folderId":null,"usages":["63961622"]},{"id":"user-image-photo-1200_singular_display_fullPicture.jpeg","publicUrl":"np://user.desktop.nicepage.com/Site_99992222/images/photo-1200_singular_display_fullPicture.jpeg","size":1803628,"hash":"ja/F5FJr7WevCe7VJkClhRfPmac=","fileName":"photo-1200_singular_display_fullPicture.jpeg","name":"photo-1200_singular_display_fullPicture","width":2571,"height":3427,"thumbnail":{"url":"np://user.desktop.nicepage.com/Site_99992222/images/thumbnails/photo-1200_singular_display_fullPicture.jpeg","width":188,"height":250},"folderId":null,"usages":["63961622"]},{"id":"user-image-IMG_7236.jpeg","publicUrl":"np://user.desktop.nicepage.com/Site_99992222/images/IMG_7236.jpeg","size":106599,"hash":"VtoDxOVOvC1manRCtJY04gpuMps=","fileName":"IMG_7236.jpeg","name":"IMG_7236","width":585,"height":745,"thumbnail":{"url":"np://user.desktop.nicepage.com/Site_99992222/images/thumbnails/IMG_7236.jpeg","width":196,"height":250},"folderId":null,"usages":["63961622"]},{"id":"user-image-9fbf6175-32cf-47e9-9a4a-257b44e8e428.jpeg","publicUrl":"np://user.desktop.nicepage.com/Site_99992222/images/9fbf6175-32cf-47e9-9a4a-257b44e8e428.jpeg","size":141940,"hash":"Vx9Ow+UUEs80ni++6SzEw7ReIlM=","fileName":"9fbf6175-32cf-47e9-9a4a-257b44e8e428.jpeg","name":"9fbf6175-32cf-47e9-9a4a-257b44e8e428","width":800,"height":600,"thumbnail":{"url":"np://user.desktop.nicepage.com/Site_99992222/images/thumbnails/9fbf6175-32cf-47e9-9a4a-257b44e8e428.jpeg","width":250,"height":188},"folderId":null,"usages":["63961622"]},{"id":"user-image-IMG_7235.jpeg","publicUrl":"np://user.desktop.nicepage.com/Site_99992222/images/IMG_7235.jpeg","size":108275,"hash":"4LTR+LJ6IdBbYxiuLCcYz9RCF3I=","fileName":"IMG_7235.jpeg","name":"IMG_7235","width":585,"height":748,"thumbnail":{"url":"np://user.desktop.nicepage.com/Site_99992222/images/thumbnails/IMG_7235.jpeg","width":196,"height":250},"folderId":null,"usages":["63961622"]},{"id":"user-image-photo-1359_singular_display_fullPicture.jpeg","publicUrl":"np://user.desktop.nicepage.com/Site_99992222/images/photo-1359_singular_display_fullPicture.jpeg","size":3685539,"hash":"tF8RquxpvrrjQwv5laZkDDZkZP8=","fileName":"photo-1359_singular_display_fullPicture.jpeg","name":"photo-1359_singular_display_fullPicture","width":3024,"height":4032,"thumbnail":{"url":"np://user.desktop.nicepage.com/Site_99992222/images/thumbnails/photo-1359_singular_display_fullPicture.jpeg","width":188,"height":250},"folderId":null,"usages":["63961622"]},{"id":"user-image-732200.png","publicUrl":"np://user.desktop.nicepage.com/Site_99992222/images/732200.png","size":3212,"hash":"zuEixmNZlytvA7gVeB0s0SHufFY=","fileName":"732200.png","name":"732200","width":128,"height":128,"thumbnail":{"url":"np://user.desktop.nicepage.com/Site_99992222/images/thumbnails/732200.png","width":128,"height":128,"length":3212,"type":"png"},"folderId":null,"usages":["466602204"]},{"id":"user-image-3536505.png","publicUrl":"np://user.desktop.nicepage.com/Site_99992222/images/3536505.png","size":2643,"hash":"WyZ0gTejSZPocf+B8peDx8+O/4Q=","fileName":"3536505.png","name":"3536505","width":128,"height":128,"thumbnail":{"url":"np://user.desktop.nicepage.com/Site_99992222/images/thumbnails/3536505.png","width":128,"height":128,"length":2643,"type":"png"},"folderId":null,"usages":["466602204"]},{"id":"user-image-man-face-circle-icon-in-trendy-flat-style-vector-5782389.jpg","publicUrl":"np://user.desktop.nicepage.com/Site_99992222/images/man-face-circle-icon-in-trendy-flat-style-vector-5782389.jpg","size":58676,"hash":"8V0z8ae3cdDLZU/pvGPS8gUTA7E=","fileName":"man-face-circle-icon-in-trendy-flat-style-vector-5782389.jpg","name":"man-face-circle-icon-in-trendy-flat-style-vector-5782389","width":1000,"height":1069,"thumbnail":{"url":"np://user.desktop.nicepage.com/Site_99992222/images/thumbnails/man-face-circle-icon-in-trendy-flat-style-vector-5782389.jpg","width":234,"height":250},"folderId":null,"usages":["52611005"]},{"id":"user-image-university_soaring_society_logo-removebg-preview.png","publicUrl":"np://user.desktop.nicepage.com/Site_99992222/images/university_soaring_society_logo-removebg-preview.png","size":20702,"hash":"PfEjEKN6/lzovRfFrlPj/KAl3Uo=","fileName":"university_soaring_society_logo-removebg-preview.png","name":"university_soaring_society_logo-removebg-preview","width":200,"height":200,"thumbnail":{"url":"np://user.desktop.nicepage.com/Site_99992222/images/thumbnails/university_soaring_society_logo-removebg-preview.png","width":200,"height":200,"length":20702,"type":"png"},"folderId":null,"usages":[]},{"id":"user-image-9fbf6175-32cf-47e9-9a4a-257b44e8e428.JPG","publicUrl":"np://user.desktop.nicepage.com/Site_99992222/images/9fbf6175-32cf-47e9-9a4a-257b44e8e428.JPG","size":334688,"hash":"mDqRd0d82vyAqcY1FoWQxggxAMI=","fileName":"9fbf6175-32cf-47e9-9a4a-257b44e8e428.JPG","name":"9fbf6175-32cf-47e9-9a4a-257b44e8e428","width":1600,"height":1200,"thumbnail":{"url":"np://user.desktop.nicepage.com/Site_99992222/images/thumbnails/9fbf6175-32cf-47e9-9a4a-257b44e8e428.JPG","width":250,"height":188},"folderId":null,"usages":["63961622","52611005","466602204"]}]