[{"id":"user-image-ussteam.jpeg","publicUrl":"np://user.desktop.nicepage.com/Site_648426291/images/ussteam.jpeg","size":252792,"hash":"6kT3V3F0SsvY3gmKb3bd1FT+8A4=","fileName":"ussteam.jpeg","name":"ussteam","width":1200,"height":1600,"thumbnail":{"url":"np://user.desktop.nicepage.com/Site_648426291/images/thumbnails/ussteam.jpeg","width":188,"height":250},"folderId":null,"usages":["148693746"]},{"id":"user-image-CanadaDayWeekendUSSADMIN.JPG","publicUrl":"np://user.desktop.nicepage.com/Site_648426291/images/CanadaDayWeekendUSSADMIN.JPG","size":2595362,"hash":"7E3ydtM3v20VJs9zb1SvJiWd8tQ=","fileName":"CanadaDayWeekendUSSADMIN.JPG","name":"CanadaDayWeekendUSSADMIN","width":4032,"height":3024,"thumbnail":{"url":"np://user.desktop.nicepage.com/Site_648426291/images/thumbnails/CanadaDayWeekendUSSADMIN.JPG","width":250,"height":188},"folderId":null,"usages":["63961622","52611005","14747174"]},{"id":"user-image-USS-YFC-TSC-MERGED.png","publicUrl":"np://user.desktop.nicepage.com/Site_648426291/images/USS-YFC-TSC-MERGED.png","size":68552,"hash":"MLsRSb8RLAwsYDPyAtngLKYjz4A=","fileName":"USS-YFC-TSC-MERGED.png","name":"USS-YFC-TSC-MERGED","width":737,"height":148,"thumbnail":{"url":"np://user.desktop.nicepage.com/Site_648426291/images/thumbnails/USS-YFC-TSC-MERGED.png","width":250,"height":50},"folderId":null,"usages":[]},{"id":"user-image-1632792977682.jpeg","publicUrl":"np://user.desktop.nicepage.com/Site_648426291/images/1632792977682.jpeg","size":101131,"hash":"tne/YikbGEAYQ88FjtUGO4culmQ=","fileName":"1632792977682.jpeg","name":"1632792977682","width":800,"height":800,"thumbnail":{"url":"np://user.desktop.nicepage.com/Site_648426291/images/thumbnails/1632792977682.jpeg","width":250,"height":250},"usages":["148693746"]},{"id":"user-image-1670611904782.jpeg","publicUrl":"np://user.desktop.nicepage.com/Site_648426291/images/1670611904782.jpeg","size":119627,"hash":"pX8nxiJvXec/1DGbiYGel4RbV2k=","fileName":"1670611904782.jpeg","name":"1670611904782","width":800,"height":800,"thumbnail":{"url":"np://user.desktop.nicepage.com/Site_648426291/images/thumbnails/1670611904782.jpeg","width":250,"height":250},"usages":["148693746"]},{"id":"user-image-1707072621824.jpeg","publicUrl":"np://user.desktop.nicepage.com/Site_648426291/images/1707072621824.jpeg","size":79333,"hash":"pN7BNsMbyzd72TzFdag6XBcZqf8=","fileName":"1707072621824.jpeg","name":"1707072621824","width":800,"height":800,"thumbnail":{"url":"np://user.desktop.nicepage.com/Site_648426291/images/thumbnails/1707072621824.jpeg","width":250,"height":250},"usages":["148693746"]},{"id":"user-image-56.jpg","publicUrl":"np://user.desktop.nicepage.com/Site_648426291/images/56.jpg","size":105852,"hash":"6zJD+uE9kckbXYMKZEPCCbZ5ZbY=","fileName":"56.jpg","name":"56","width":600,"height":600,"thumbnail":{"url":"np://user.desktop.nicepage.com/Site_648426291/images/thumbnails/56.jpg","width":250,"height":250},"originalUrl":"https://assets.nicepagecdn.com/d2cc3eaa/3256687/images/56.jpg","usages":["148693746"]},{"id":"user-image-715fb46b-93dd-4509-9b5b-83d87b9abd98.JPG","publicUrl":"np://user.desktop.nicepage.com/Site_648426291/images/715fb46b-93dd-4509-9b5b-83d87b9abd98.JPG","size":621635,"hash":"anLB7Q6bmtVJcGtSnJG7VL4ICp0=","fileName":"715fb46b-93dd-4509-9b5b-83d87b9abd98.JPG","name":"715fb46b-93dd-4509-9b5b-83d87b9abd98","width":1600,"height":1200,"thumbnail":{"url":"np://user.desktop.nicepage.com/Site_648426291/images/thumbnails/715fb46b-93dd-4509-9b5b-83d87b9abd98.JPG","width":250,"height":188},"usages":["14747174"]},{"id":"user-image-8.jpg","publicUrl":"np://user.desktop.nicepage.com/Site_648426291/images/8.jpg","size":440653,"hash":"nhndp0gOHOBcPnMRGQW8Vwpzkhg=","fileName":"8.jpg","name":"8","width":1280,"height":1920,"thumbnail":{"url":"np://user.desktop.nicepage.com/Site_648426291/images/thumbnails/8.jpg","width":167,"height":250},"usages":["14747174"]},{"id":"user-image-95762a20-b3e5-4deb-a195-d9bfd28acff4.JPG","publicUrl":"np://user.desktop.nicepage.com/Site_648426291/images/95762a20-b3e5-4deb-a195-d9bfd28acff4.JPG","size":267497,"hash":"YP/e+zyUh/jRBOF3AWoXEMaAgmU=","fileName":"95762a20-b3e5-4deb-a195-d9bfd28acff4.JPG","name":"95762a20-b3e5-4deb-a195-d9bfd28acff4","width":1600,"height":1200,"thumbnail":{"url":"np://user.desktop.nicepage.com/Site_648426291/images/thumbnails/95762a20-b3e5-4deb-a195-d9bfd28acff4.JPG","width":250,"height":188},"usages":["14747174"]},{"id":"user-image-9fbf6175-32cf-47e9-9a4a-257b44e8e428.JPG","publicUrl":"np://user.desktop.nicepage.com/Site_648426291/images/9fbf6175-32cf-47e9-9a4a-257b44e8e428.JPG","size":334688,"hash":"mDqRd0d82vyAqcY1FoWQxggxAMI=","fileName":"9fbf6175-32cf-47e9-9a4a-257b44e8e428.JPG","name":"9fbf6175-32cf-47e9-9a4a-257b44e8e428","width":1600,"height":1200,"thumbnail":{"url":"np://user.desktop.nicepage.com/Site_648426291/images/thumbnails/9fbf6175-32cf-47e9-9a4a-257b44e8e428.JPG","width":250,"height":188},"usages":["466602204","52611005"]},{"id":"user-image-9fbf6175-32cf-47e9-9a4a-257b44e8e428.jpeg","publicUrl":"np://user.desktop.nicepage.com/Site_648426291/images/9fbf6175-32cf-47e9-9a4a-257b44e8e428.jpeg","size":141940,"hash":"Vx9Ow+UUEs80ni++6SzEw7ReIlM=","fileName":"9fbf6175-32cf-47e9-9a4a-257b44e8e428.jpeg","name":"9fbf6175-32cf-47e9-9a4a-257b44e8e428","width":800,"height":600,"thumbnail":{"url":"np://user.desktop.nicepage.com/Site_648426291/images/thumbnails/9fbf6175-32cf-47e9-9a4a-257b44e8e428.jpeg","width":250,"height":188},"usages":["63961622"]},{"id":"user-image-IMG_1042.JPG","publicUrl":"np://user.desktop.nicepage.com/Site_648426291/images/IMG_1042.JPG","size":454301,"hash":"Fiir/Z0EqACfYktx3IcYcAtFsCI=","fileName":"IMG_1042.JPG","name":"IMG_1042","width":1920,"height":1440,"thumbnail":{"url":"np://user.desktop.nicepage.com/Site_648426291/images/thumbnails/IMG_1042.JPG","width":250,"height":188},"usages":["14747174"]},{"id":"user-image-IMG_1045.JPG","publicUrl":"np://user.desktop.nicepage.com/Site_648426291/images/IMG_1045.JPG","size":523320,"hash":"NJOMq/05s5U17XbtYC52EEYdtlk=","fileName":"IMG_1045.JPG","name":"IMG_1045","width":1920,"height":1185,"thumbnail":{"url":"np://user.desktop.nicepage.com/Site_648426291/images/thumbnails/IMG_1045.JPG","width":250,"height":154},"usages":["14747174"]},{"id":"user-image-IMG_1060.JPG","publicUrl":"np://user.desktop.nicepage.com/Site_648426291/images/IMG_1060.JPG","size":407817,"hash":"CuTAEgToXvAE3yjIx+S9uf/X5JY=","fileName":"IMG_1060.JPG","name":"IMG_1060","width":1920,"height":1440,"thumbnail":{"url":"np://user.desktop.nicepage.com/Site_648426291/images/thumbnails/IMG_1060.JPG","width":250,"height":188},"usages":["14747174"]},{"id":"user-image-IMG_4776.jpg","publicUrl":"np://user.desktop.nicepage.com/Site_648426291/images/IMG_4776.jpg","size":518235,"hash":"wf6lBAnhV99TmmciTOBrw1BfMWE=","fileName":"IMG_4776.jpg","name":"IMG_4776","width":1365,"height":2048,"thumbnail":{"url":"np://user.desktop.nicepage.com/Site_648426291/images/thumbnails/IMG_4776.jpg","width":167,"height":250},"usages":["14747174"]},{"id":"user-image-IMG_47792.jpg","publicUrl":"np://user.desktop.nicepage.com/Site_648426291/images/IMG_47792.jpg","size":592504,"hash":"zoISfHIUuyrk8hqIuGdITT/2ijM=","fileName":"IMG_47792.jpg","name":"IMG_47792","width":2048,"height":1365,"thumbnail":{"url":"np://user.desktop.nicepage.com/Site_648426291/images/thumbnails/IMG_47792.jpg","width":250,"height":167},"usages":["14747174"]},{"id":"user-image-IMG_6411.jpg","publicUrl":"np://user.desktop.nicepage.com/Site_648426291/images/IMG_6411.jpg","size":442357,"hash":"iNtqtoChvnJGwwnNmq/xttSdbco=","fileName":"IMG_6411.jpg","name":"IMG_6411","width":2048,"height":1365,"thumbnail":{"url":"np://user.desktop.nicepage.com/Site_648426291/images/thumbnails/IMG_6411.jpg","width":250,"height":167},"usages":["14747174"]},{"id":"user-image-IMG_7235.jpeg","publicUrl":"np://user.desktop.nicepage.com/Site_648426291/images/IMG_7235.jpeg","size":108275,"hash":"4LTR+LJ6IdBbYxiuLCcYz9RCF3I=","fileName":"IMG_7235.jpeg","name":"IMG_7235","width":585,"height":748,"thumbnail":{"url":"np://user.desktop.nicepage.com/Site_648426291/images/thumbnails/IMG_7235.jpeg","width":196,"height":250},"usages":["63961622"]},{"id":"user-image-PHOTO-2024-05-21-20-21-30.jpg","publicUrl":"np://user.desktop.nicepage.com/Site_648426291/images/PHOTO-2024-05-21-20-21-30.jpg","size":236201,"hash":"njrtw5YZxg0bSZMzjndtlZGbrPs=","fileName":"PHOTO-2024-05-21-20-21-30.jpg","name":"PHOTO-2024-05-21-20-21-30","width":1920,"height":1446,"thumbnail":{"url":"np://user.desktop.nicepage.com/Site_648426291/images/thumbnails/PHOTO-2024-05-21-20-21-30.jpg","width":250,"height":188},"usages":["14747174"]},{"id":"user-image-PHOTO-2024-05-21-20-22-01.jpg","publicUrl":"np://user.desktop.nicepage.com/Site_648426291/images/PHOTO-2024-05-21-20-22-01.jpg","size":320463,"hash":"eAUDozOuxK+gu+VniePOknyFqHk=","fileName":"PHOTO-2024-05-21-20-22-01.jpg","name":"PHOTO-2024-05-21-20-22-01","width":1600,"height":1200,"thumbnail":{"url":"np://user.desktop.nicepage.com/Site_648426291/images/thumbnails/PHOTO-2024-05-21-20-22-01.jpg","width":250,"height":188},"usages":["14747174"]},{"id":"user-image-Screenshot2023-08-28at12.14.13AM.png","publicUrl":"np://user.desktop.nicepage.com/Site_648426291/images/Screenshot2023-08-28at12.14.13AM.png","size":1326254,"hash":"v99LKuk3Si8yPRBiYFxPnBNC2m0=","fileName":"Screenshot2023-08-28at12.14.13AM.png","name":"Screenshot2023-08-28at12.14.13AM","width":1019,"height":731,"thumbnail":{"url":"np://user.desktop.nicepage.com/Site_648426291/images/thumbnails/Screenshot2023-08-28at12.14.13AM.png","width":250,"height":179},"usages":["14747174"]},{"id":"user-image-Screenshot2024-05-21at8.41.56PM.png","publicUrl":"np://user.desktop.nicepage.com/Site_648426291/images/Screenshot2024-05-21at8.41.56PM.png","size":962795,"hash":"dF33f+okvWbLr8NfVwHDLFI93Dg=","fileName":"Screenshot2024-05-21at8.41.56PM.png","name":"Screenshot2024-05-21at8.41.56PM","width":873,"height":514,"thumbnail":{"url":"np://user.desktop.nicepage.com/Site_648426291/images/thumbnails/Screenshot2024-05-21at8.41.56PM.png","width":250,"height":147},"usages":["14747174"]},{"id":"user-image-WhatsAppImage2024-05-21aS20.29.07.jpeg","publicUrl":"np://user.desktop.nicepage.com/Site_648426291/images/WhatsAppImage2024-05-21aS20.29.07.jpeg","size":339376,"hash":"DQc1tgbxeqGQhjOipJX1dwJst5s=","fileName":"WhatsAppImage2024-05-21aS20.29.07.jpeg","name":"WhatsAppImage2024-05-21aS20.29.07","width":1600,"height":1200,"thumbnail":{"url":"np://user.desktop.nicepage.com/Site_648426291/images/thumbnails/WhatsAppImage2024-05-21aS20.29.07.jpeg","width":250,"height":188},"usages":["14747174"]},{"id":"user-image-WhatsAppImage2024-05-21at20.29.05.jpeg","publicUrl":"np://user.desktop.nicepage.com/Site_648426291/images/WhatsAppImage2024-05-21at20.29.05.jpeg","size":210387,"hash":"7nMTgU4q4NCHLVl4H6LV3+lRqSk=","fileName":"WhatsAppImage2024-05-21at20.29.05.jpeg","name":"WhatsAppImage2024-05-21at20.29.05","width":1600,"height":1200,"thumbnail":{"url":"np://user.desktop.nicepage.com/Site_648426291/images/thumbnails/WhatsAppImage2024-05-21at20.29.05.jpeg","width":250,"height":188},"usages":["14747174"]},{"id":"user-image-WhatsAppImage202aa4-05-21at20.29.05.jpeg","publicUrl":"np://user.desktop.nicepage.com/Site_648426291/images/WhatsAppImage202aa4-05-21at20.29.05.jpeg","size":279076,"hash":"JMlyesXJNzvSqTSjblROHm4A12w=","fileName":"WhatsAppImage202aa4-05-21at20.29.05.jpeg","name":"WhatsAppImage202aa4-05-21at20.29.05","width":1600,"height":1200,"thumbnail":{"url":"np://user.desktop.nicepage.com/Site_648426291/images/thumbnails/WhatsAppImage202aa4-05-21at20.29.05.jpeg","width":250,"height":188},"usages":["14747174"]},{"id":"user-image-fgfg.jpg","publicUrl":"np://user.desktop.nicepage.com/Site_648426291/images/fgfg.jpg","size":80168,"hash":"pewyHt+5YMKw4jhiE11+bp0YfII=","fileName":"fgfg.jpg","name":"fgfg","width":600,"height":600,"thumbnail":{"url":"np://user.desktop.nicepage.com/Site_648426291/images/thumbnails/fgfg.jpg","width":250,"height":250},"originalUrl":"https://assets.nicepagecdn.com/d2cc3eaa/3256687/images/fgfg.jpg","usages":["148693746"]},{"id":"user-image-photo-1200_singular_display_fullPicture.jpeg","publicUrl":"np://user.desktop.nicepage.com/Site_648426291/images/photo-1200_singular_display_fullPicture.jpeg","size":931796,"hash":"5eRDpj5CwXqc7QHmQ9xLWUS/BJg=","fileName":"photo-1200_singular_display_fullPicture.jpeg","name":"photo-1200_singular_display_fullPicture","width":1440,"height":1920,"thumbnail":{"url":"np://user.desktop.nicepage.com/Site_648426291/images/thumbnails/photo-1200_singular_display_fullPicture.jpeg","width":188,"height":250},"usages":["63961622","14747174"]},{"id":"user-image-photo-1359_singular_display_fullPicture.jpeg","publicUrl":"np://user.desktop.nicepage.com/Site_648426291/images/photo-1359_singular_display_fullPicture.jpeg","size":1260643,"hash":"dXSs8K7OfkOJuFTJzz2xRJ9nIrs=","fileName":"photo-1359_singular_display_fullPicture.jpeg","name":"photo-1359_singular_display_fullPicture","width":1440,"height":1920,"thumbnail":{"url":"np://user.desktop.nicepage.com/Site_648426291/images/thumbnails/photo-1359_singular_display_fullPicture.jpeg","width":188,"height":250},"usages":["63961622"]},{"id":"user-image-photo-1365_singular_display_fullPicture.jpeg","publicUrl":"np://user.desktop.nicepage.com/Site_648426291/images/photo-1365_singular_display_fullPicture.jpeg","size":955036,"hash":"ZzXt2bvKpqdxCX0cy9Jc00ctMuM=","fileName":"photo-1365_singular_display_fullPicture.jpeg","name":"photo-1365_singular_display_fullPicture","width":1440,"height":1920,"thumbnail":{"url":"np://user.desktop.nicepage.com/Site_648426291/images/thumbnails/photo-1365_singular_display_fullPicture.jpeg","width":188,"height":250},"usages":["63961622","14747174"]},{"id":"user-image-rt3.jpg","publicUrl":"np://user.desktop.nicepage.com/Site_648426291/images/rt3.jpg","size":73854,"hash":"RaPkZLwc443Bd3TOH+ItZm9pTNM=","fileName":"rt3.jpg","name":"rt3","width":600,"height":600,"thumbnail":{"url":"np://user.desktop.nicepage.com/Site_648426291/images/thumbnails/rt3.jpg","width":250,"height":250},"originalUrl":"https://assets.nicepagecdn.com/d2cc3eaa/3256687/images/rt3.jpg","usages":["148693746"]},{"id":"user-image-rtrt.jpg","publicUrl":"np://user.desktop.nicepage.com/Site_648426291/images/rtrt.jpg","size":104946,"hash":"iA1IlYA4Lj/mkiJDVtNrz+u9AgA=","fileName":"rtrt.jpg","name":"rtrt","width":600,"height":600,"thumbnail":{"url":"np://user.desktop.nicepage.com/Site_648426291/images/thumbnails/rtrt.jpg","width":250,"height":250},"originalUrl":"https://assets.nicepagecdn.com/d2cc3eaa/3256687/images/rtrt.jpg","usages":["148693746"]},{"id":"user-image-3536505.png","publicUrl":"np://user.desktop.nicepage.com/Site_648426291/images/3536505.png","size":2643,"hash":"WyZ0gTejSZPocf+B8peDx8+O/4Q=","fileName":"3536505.png","name":"3536505","width":128,"height":128,"thumbnail":{"url":"np://user.desktop.nicepage.com/Site_648426291/images/thumbnails/3536505.png","width":128,"height":128,"length":2643,"type":"png"},"usages":["466602204"]},{"id":"user-image-732200.png","publicUrl":"np://user.desktop.nicepage.com/Site_648426291/images/732200.png","size":3212,"hash":"zuEixmNZlytvA7gVeB0s0SHufFY=","fileName":"732200.png","name":"732200","width":128,"height":128,"thumbnail":{"url":"np://user.desktop.nicepage.com/Site_648426291/images/thumbnails/732200.png","width":128,"height":128,"length":3212,"type":"png"},"usages":["466602204"]}]