[{"id":"user-image-Screenshot_2025-02-13_at_3.16.04_PM-removebg-preview.png","publicUrl":"np://user.desktop.nicepage.com/Site_299406415/images/Screenshot_2025-02-13_at_3.16.04_PM-removebg-preview.png","size":81374,"hash":"x4Ywrf8LcoCbvnqvTbeL67c0rtc=","fileName":"Screenshot_2025-02-13_at_3.16.04_PM-removebg-preview.png","name":"Screenshot_2025-02-13_at_3.16.04_PM-removebg-preview","width":722,"height":208,"thumbnail":{"url":"np://user.desktop.nicepage.com/Site_299406415/images/thumbnails/Screenshot_2025-02-13_at_3.16.04_PM-removebg-preview.png","width":250,"height":72},"folderId":null,"usages":["52611005"]},{"id":"user-image-Screenshot2025-02-13at3.11.41PM.png","publicUrl":"np://user.desktop.nicepage.com/Site_299406415/images/Screenshot2025-02-13at3.11.41PM.png","size":922683,"hash":"ltIzEQ9yQ5W8nsdW611r0ZqtfE0=","fileName":"Screenshot2025-02-13at3.11.41PM.png","name":"Screenshot2025-02-13at3.11.41PM","width":1016,"height":648,"thumbnail":{"url":"np://user.desktop.nicepage.com/Site_299406415/images/thumbnails/Screenshot2025-02-13at3.11.41PM.png","width":250,"height":159},"folderId":null,"usages":["233864663"]},{"id":"user-image-Screenshot2025-02-13at3.10.46PM.png","publicUrl":"np://user.desktop.nicepage.com/Site_299406415/images/Screenshot2025-02-13at3.10.46PM.png","size":1928490,"hash":"ptOQt235pKqvOvXGGE8veZTA5tk=","fileName":"Screenshot2025-02-13at3.10.46PM.png","name":"Screenshot2025-02-13at3.10.46PM","width":1058,"height":1382,"thumbnail":{"url":"np://user.desktop.nicepage.com/Site_299406415/images/thumbnails/Screenshot2025-02-13at3.10.46PM.png","width":191,"height":250},"folderId":null,"usages":["233864663"]},{"id":"user-image-Screenshot2025-02-13at3.10.03PM.png","publicUrl":"np://user.desktop.nicepage.com/Site_299406415/images/Screenshot2025-02-13at3.10.03PM.png","size":1181626,"hash":"UOEYoDaytimt52zjmPuqev8j/VM=","fileName":"Screenshot2025-02-13at3.10.03PM.png","name":"Screenshot2025-02-13at3.10.03PM","width":1160,"height":1132,"thumbnail":{"url":"np://user.desktop.nicepage.com/Site_299406415/images/thumbnails/Screenshot2025-02-13at3.10.03PM.png","width":250,"height":244},"folderId":null,"usages":["233864663"]},{"id":"user-image-Screenshot2025-02-13at2.40.45PM.png","publicUrl":"np://user.desktop.nicepage.com/Site_299406415/images/Screenshot2025-02-13at2.40.45PM.png","size":1324039,"hash":"/Aqpkz2oPhjxA92xRH9/MNEl+FQ=","fileName":"Screenshot2025-02-13at2.40.45PM.png","name":"Screenshot2025-02-13at2.40.45PM","width":1026,"height":1328,"thumbnail":{"url":"np://user.desktop.nicepage.com/Site_299406415/images/thumbnails/Screenshot2025-02-13at2.40.45PM.png","width":193,"height":250},"folderId":null,"usages":["233864663"]},{"id":"user-image-Screenshot2025-02-13at2.39.27PM.png","publicUrl":"np://user.desktop.nicepage.com/Site_299406415/images/Screenshot2025-02-13at2.39.27PM.png","size":1532086,"hash":"/krsm+tiaP4y0ORHx/r20eGaWxw=","fileName":"Screenshot2025-02-13at2.39.27PM.png","name":"Screenshot2025-02-13at2.39.27PM","width":1026,"height":1328,"thumbnail":{"url":"np://user.desktop.nicepage.com/Site_299406415/images/thumbnails/Screenshot2025-02-13at2.39.27PM.png","width":193,"height":250},"folderId":null,"usages":["233864663"]},{"id":"user-image-Screenshot2025-02-13at2.37.55PM.png","publicUrl":"np://user.desktop.nicepage.com/Site_299406415/images/Screenshot2025-02-13at2.37.55PM.png","size":2358279,"hash":"xMVDBfQ36lOl+WF6BT0SXbRYWns=","fileName":"Screenshot2025-02-13at2.37.55PM.png","name":"Screenshot2025-02-13at2.37.55PM","width":1074,"height":1432,"thumbnail":{"url":"np://user.desktop.nicepage.com/Site_299406415/images/thumbnails/Screenshot2025-02-13at2.37.55PM.png","width":188,"height":250},"folderId":null,"usages":["233864663"]},{"id":"user-image-WhatsAppImage2025-02-12at17.29.30.jpeg","publicUrl":"np://user.desktop.nicepage.com/Site_299406415/images/WhatsAppImage2025-02-12at17.29.30.jpeg","size":373964,"hash":"Nx3uflSIn7ObxbjCNgdGACa+TpA=","fileName":"WhatsAppImage2025-02-12at17.29.30.jpeg","name":"WhatsAppImage2025-02-12at17.29.30","width":1536,"height":2048,"thumbnail":{"url":"np://user.desktop.nicepage.com/Site_299406415/images/thumbnails/WhatsAppImage2025-02-12at17.29.30.jpeg","width":188,"height":250},"folderId":null,"usages":["63961622"]},{"id":"user-image-Screenshot2024-08-17at12.52.07PM.jpeg","publicUrl":"np://user.desktop.nicepage.com/Site_299406415/images/Screenshot2024-08-17at12.52.07PM.jpeg","size":1332296,"hash":"f38//m4LiO6EzF9jJF8CPRNxlvk=","fileName":"Screenshot2024-08-17at12.52.07PM.jpeg","name":"Screenshot2024-08-17at12.52.07PM","width":1170,"height":1163,"thumbnail":{"url":"np://user.desktop.nicepage.com/Site_299406415/images/thumbnails/Screenshot2024-08-17at12.52.07PM.jpeg","width":250,"height":249},"folderId":null,"usages":["466602204"]},{"id":"user-image-3524388.png","publicUrl":"np://user.desktop.nicepage.com/Site_299406415/images/3524388.png","size":1117,"hash":"iIU23aNpoj8o+3Mo5jigu7cy+pM=","fileName":"3524388.png","name":"3524388","width":128,"height":128,"thumbnail":{"url":"np://user.desktop.nicepage.com/Site_299406415/images/thumbnails/3524388.png","width":128,"height":128,"length":1117,"type":"png"},"folderId":null,"usages":["63961622","35356898"]},{"id":"user-image-452520267_895420809284645_7092068345330724002_n.jpg","publicUrl":"np://user.desktop.nicepage.com/Site_299406415/images/452520267_895420809284645_7092068345330724002_n.jpg","size":146334,"hash":"QYB5Tqg9ksRemQ7PMffo+7D14mc=","fileName":"452520267_895420809284645_7092068345330724002_n.jpg","name":"452520267_895420809284645_7092068345330724002_n","width":1667,"height":820,"thumbnail":{"url":"np://user.desktop.nicepage.com/Site_299406415/images/thumbnails/452520267_895420809284645_7092068345330724002_n.jpg","width":250,"height":123},"folderId":null,"usages":["233864663"]},{"id":"user-image-logo_Primary-horizontal_Colour-1.png","publicUrl":"np://user.desktop.nicepage.com/Site_299406415/images/logo_Primary-horizontal_Colour-1.png","size":18896,"hash":"OYNj67lUVXVWHiiY4755GWtTVBQ=","fileName":"logo_Primary-horizontal_Colour-1.png","name":"logo_Primary-horizontal_Colour-1","width":1414,"height":480,"thumbnail":{"url":"np://user.desktop.nicepage.com/Site_299406415/images/thumbnails/logo_Primary-horizontal_Colour-1.png","width":250,"height":85},"folderId":null,"usages":["52611005"]},{"id":"user-image-cropped-MUES_Horizontal_Purple.png","publicUrl":"np://user.desktop.nicepage.com/Site_299406415/images/cropped-MUES_Horizontal_Purple.png","size":27046,"hash":"K4jwd5pFT54LAXDPNV3WHYbQPLI=","fileName":"cropped-MUES_Horizontal_Purple.png","name":"cropped-MUES_Horizontal_Purple","width":1001,"height":314,"thumbnail":{"url":"np://user.desktop.nicepage.com/Site_299406415/images/thumbnails/cropped-MUES_Horizontal_Purple.png","width":250,"height":78},"folderId":null,"usages":["52611005"]},{"id":"user-image-IMG_1787-MikeMorgulis.jpeg","publicUrl":"np://user.desktop.nicepage.com/Site_299406415/images/IMG_1787-MikeMorgulis.jpeg","size":1666337,"hash":"hc5EqzeD0w87IiGuw6xaAUUCkV0=","fileName":"IMG_1787-MikeMorgulis.jpeg","name":"IMG_1787-MikeMorgulis","width":5341,"height":2741,"thumbnail":{"url":"np://user.desktop.nicepage.com/Site_299406415/images/thumbnails/IMG_1787-MikeMorgulis.jpeg","width":250,"height":128},"folderId":null,"usages":["233864663"]},{"id":"user-image-image1.png","publicUrl":"np://user.desktop.nicepage.com/Site_299406415/images/image1.png","size":1149543,"hash":"nbvF+lc2U37cmxxCkGjbAim+32c=","fileName":"image1.png","name":"image1","width":863,"height":869,"thumbnail":{"url":"np://user.desktop.nicepage.com/Site_299406415/images/thumbnails/image1.png","width":248,"height":250},"folderId":null,"usages":["233864663"]},{"id":"user-image-1755419.png","publicUrl":"np://user.desktop.nicepage.com/Site_299406415/images/1755419.png","size":3010,"hash":"I5W1BR6S5COpgrj6XfUPV2fLAiU=","fileName":"1755419.png","name":"1755419","width":128,"height":128,"thumbnail":{"url":"np://user.desktop.nicepage.com/Site_299406415/images/thumbnails/1755419.png","width":128,"height":128,"length":3010,"type":"png"},"folderId":null,"usages":["233864663"]},{"id":"user-image-Screenshot2025-01-22at2.25.53PM.png","publicUrl":"np://user.desktop.nicepage.com/Site_299406415/images/Screenshot2025-01-22at2.25.53PM.png","size":4212473,"hash":"AoI6NvQkEDt7kUdo65PxaNIOcgA=","fileName":"Screenshot2025-01-22at2.25.53PM.png","name":"Screenshot2025-01-22at2.25.53PM","width":2536,"height":1006,"thumbnail":{"url":"np://user.desktop.nicepage.com/Site_299406415/images/thumbnails/Screenshot2025-01-22at2.25.53PM.png","width":250,"height":99},"folderId":null,"usages":["233864663"]},{"id":"user-image-LevelupLogoLandscapeTransparent.png","publicUrl":"np://user.desktop.nicepage.com/Site_299406415/images/LevelupLogoLandscapeTransparent.png","size":26573,"hash":"Ec6I6wqYCoC+UPz8R/aVdhjtbwI=","fileName":"LevelupLogoLandscapeTransparent.png","name":"LevelupLogoLandscapeTransparent","width":800,"height":354,"thumbnail":{"url":"np://user.desktop.nicepage.com/Site_299406415/images/thumbnails/LevelupLogoLandscapeTransparent.png","width":250,"height":111},"folderId":null,"usages":["52611005"]},{"id":"user-image-WhatsAppImage2024-11-08at15.09.42.jpeg","publicUrl":"np://user.desktop.nicepage.com/Site_299406415/images/WhatsAppImage2024-11-08at15.09.42.jpeg","size":84375,"hash":"Q0hIJhjLE5qyCXLo0A19HAd+S4M=","fileName":"WhatsAppImage2024-11-08at15.09.42.jpeg","name":"WhatsAppImage2024-11-08at15.09.42","width":945,"height":2048,"thumbnail":{"url":"np://user.desktop.nicepage.com/Site_299406415/images/thumbnails/WhatsAppImage2024-11-08at15.09.42.jpeg","width":115,"height":250},"folderId":null,"usages":["14747174"]},{"id":"user-image-IMG_7539.JPG","publicUrl":"np://user.desktop.nicepage.com/Site_299406415/images/IMG_7539.JPG","size":2794568,"hash":"qnDGeVhhag+Tif3AUThcrE6f350=","fileName":"IMG_7539.JPG","name":"IMG_7539","width":3840,"height":2160,"thumbnail":{"url":"np://user.desktop.nicepage.com/Site_299406415/images/thumbnails/IMG_7539.JPG","width":250,"height":141},"folderId":null,"usages":["14747174"]},{"id":"user-image-IMG_7533.JPG","publicUrl":"np://user.desktop.nicepage.com/Site_299406415/images/IMG_7533.JPG","size":2564442,"hash":"Cw9zVGIuK8jyxiRGz1T6aJs1HWQ=","fileName":"IMG_7533.JPG","name":"IMG_7533","width":3840,"height":2160,"thumbnail":{"url":"np://user.desktop.nicepage.com/Site_299406415/images/thumbnails/IMG_7533.JPG","width":250,"height":141},"folderId":null,"usages":["14747174"]},{"id":"user-image-IMG_2145.jpg","publicUrl":"np://user.desktop.nicepage.com/Site_299406415/images/IMG_2145.jpg","size":1205276,"hash":"h8J/bMOVr/yTuwxDWCRHLJ1uhWo=","fileName":"IMG_2145.jpg","name":"IMG_2145","width":4032,"height":3024,"thumbnail":{"url":"np://user.desktop.nicepage.com/Site_299406415/images/thumbnails/IMG_2145.jpg","width":250,"height":188},"folderId":null,"usages":["14747174"]},{"id":"user-image-IMG_7511.JPG","publicUrl":"np://user.desktop.nicepage.com/Site_299406415/images/IMG_7511.JPG","size":2148046,"hash":"wEpXJmXAh9Hx0YtP6T5HdhEAWSM=","fileName":"IMG_7511.JPG","name":"IMG_7511","width":3840,"height":2160,"thumbnail":{"url":"np://user.desktop.nicepage.com/Site_299406415/images/thumbnails/IMG_7511.JPG","width":250,"height":141},"folderId":null,"usages":["14747174"]},{"id":"user-image-Screenshot2024-11-01at1.06.32AM.png","publicUrl":"np://user.desktop.nicepage.com/Site_299406415/images/Screenshot2024-11-01at1.06.32AM.png","size":1362646,"hash":"T8xmjTW0jySxFLEPIy9YZEqaMA8=","fileName":"Screenshot2024-11-01at1.06.32AM.png","name":"Screenshot2024-11-01at1.06.32AM","width":954,"height":786,"thumbnail":{"url":"np://user.desktop.nicepage.com/Site_299406415/images/thumbnails/Screenshot2024-11-01at1.06.32AM.png","width":250,"height":206},"folderId":null,"usages":["14747174"]},{"id":"user-image-Screenshot2024-11-01at1.05.13AM.png","publicUrl":"np://user.desktop.nicepage.com/Site_299406415/images/Screenshot2024-11-01at1.05.13AM.png","size":989685,"hash":"5vaYKPntsn6rhFUotwIqY0BlOto=","fileName":"Screenshot2024-11-01at1.05.13AM.png","name":"Screenshot2024-11-01at1.05.13AM","width":954,"height":786,"thumbnail":{"url":"np://user.desktop.nicepage.com/Site_299406415/images/thumbnails/Screenshot2024-11-01at1.05.13AM.png","width":250,"height":206},"folderId":null,"usages":["14747174"]},{"id":"user-image-Screenshot2024-11-01at1.04.35AM.png","publicUrl":"np://user.desktop.nicepage.com/Site_299406415/images/Screenshot2024-11-01at1.04.35AM.png","size":901366,"hash":"mpOTQpe6GskZ5U5mXMI5yplAy68=","fileName":"Screenshot2024-11-01at1.04.35AM.png","name":"Screenshot2024-11-01at1.04.35AM","width":844,"height":786,"thumbnail":{"url":"np://user.desktop.nicepage.com/Site_299406415/images/thumbnails/Screenshot2024-11-01at1.04.35AM.png","width":250,"height":233},"folderId":null,"usages":["14747174"]},{"id":"user-image-Screenshot2024-11-01at1.04.15AM.png","publicUrl":"np://user.desktop.nicepage.com/Site_299406415/images/Screenshot2024-11-01at1.04.15AM.png","size":1536442,"hash":"btYSwHSwnEHTkylr/Dz7TqJrbdg=","fileName":"Screenshot2024-11-01at1.04.15AM.png","name":"Screenshot2024-11-01at1.04.15AM","width":1078,"height":786,"thumbnail":{"url":"np://user.desktop.nicepage.com/Site_299406415/images/thumbnails/Screenshot2024-11-01at1.04.15AM.png","width":250,"height":182},"folderId":null,"usages":["14747174"]},{"id":"user-image-Screenshot2024-11-01at1.03.56AM.png","publicUrl":"np://user.desktop.nicepage.com/Site_299406415/images/Screenshot2024-11-01at1.03.56AM.png","size":1189761,"hash":"PFh7Wsg1/yrwEouJ1iPqMkjyPtg=","fileName":"Screenshot2024-11-01at1.03.56AM.png","name":"Screenshot2024-11-01at1.03.56AM","width":1078,"height":786,"thumbnail":{"url":"np://user.desktop.nicepage.com/Site_299406415/images/thumbnails/Screenshot2024-11-01at1.03.56AM.png","width":250,"height":182},"folderId":null,"usages":["14747174"]},{"id":"user-image-Screenshot2024-11-01at1.03.45AM.png","publicUrl":"np://user.desktop.nicepage.com/Site_299406415/images/Screenshot2024-11-01at1.03.45AM.png","size":1220387,"hash":"KTWBa0qDq+CdPS0iNPLCGG625Rk=","fileName":"Screenshot2024-11-01at1.03.45AM.png","name":"Screenshot2024-11-01at1.03.45AM","width":1078,"height":786,"thumbnail":{"url":"np://user.desktop.nicepage.com/Site_299406415/images/thumbnails/Screenshot2024-11-01at1.03.45AM.png","width":250,"height":182},"folderId":null,"usages":["14747174"]},{"id":"user-image-Screenshot2024-11-01at1.03.19AM.png","publicUrl":"np://user.desktop.nicepage.com/Site_299406415/images/Screenshot2024-11-01at1.03.19AM.png","size":1064844,"hash":"h6ZfdbbUb7w15ontVoO6QGF/Aq4=","fileName":"Screenshot2024-11-01at1.03.19AM.png","name":"Screenshot2024-11-01at1.03.19AM","width":776,"height":786,"thumbnail":{"url":"np://user.desktop.nicepage.com/Site_299406415/images/thumbnails/Screenshot2024-11-01at1.03.19AM.png","width":247,"height":250},"folderId":null,"usages":["14747174"]},{"id":"user-image-Screenshot2024-11-01at1.02.54AM.png","publicUrl":"np://user.desktop.nicepage.com/Site_299406415/images/Screenshot2024-11-01at1.02.54AM.png","size":1176216,"hash":"b05Qv88WIJ9s0++D+zWdMg0pW7w=","fileName":"Screenshot2024-11-01at1.02.54AM.png","name":"Screenshot2024-11-01at1.02.54AM","width":1038,"height":786,"thumbnail":{"url":"np://user.desktop.nicepage.com/Site_299406415/images/thumbnails/Screenshot2024-11-01at1.02.54AM.png","width":250,"height":189},"folderId":null,"usages":["14747174","52611005"]},{"id":"user-image-FirstSolosJuly20-241.JPG","publicUrl":"np://user.desktop.nicepage.com/Site_299406415/images/FirstSolosJuly20-241.JPG","size":2319930,"hash":"2tKC9xAWF5uEhWknU4eWO8dZ770=","fileName":"FirstSolosJuly20-241.JPG","name":"FirstSolosJuly20-241","width":4032,"height":3024,"thumbnail":{"url":"np://user.desktop.nicepage.com/Site_299406415/images/thumbnails/FirstSolosJuly20-241.JPG","width":250,"height":188},"folderId":null,"usages":["14747174"]},{"id":"user-image-Screenshot2024-11-01at1.00.14AM.png","publicUrl":"np://user.desktop.nicepage.com/Site_299406415/images/Screenshot2024-11-01at1.00.14AM.png","size":1187996,"hash":"l1sBZ/vUsOQD2Op3z0TN3HYJe6c=","fileName":"Screenshot2024-11-01at1.00.14AM.png","name":"Screenshot2024-11-01at1.00.14AM","width":1104,"height":786,"thumbnail":{"url":"np://user.desktop.nicepage.com/Site_299406415/images/thumbnails/Screenshot2024-11-01at1.00.14AM.png","width":250,"height":178},"folderId":null,"usages":["14747174"]},{"id":"user-image-Screenshot2024-11-01at12.58.49AM.png","publicUrl":"np://user.desktop.nicepage.com/Site_299406415/images/Screenshot2024-11-01at12.58.49AM.png","size":1987408,"hash":"pj6Vz17Ea8lZrSHq41K/EA5vpMU=","fileName":"Screenshot2024-11-01at12.58.49AM.png","name":"Screenshot2024-11-01at12.58.49AM","width":1136,"height":786,"thumbnail":{"url":"np://user.desktop.nicepage.com/Site_299406415/images/thumbnails/Screenshot2024-11-01at12.58.49AM.png","width":250,"height":173},"folderId":null,"usages":["14747174"]},{"id":"user-image-Screenshot2024-11-01at12.59.41AM.png","publicUrl":"np://user.desktop.nicepage.com/Site_299406415/images/Screenshot2024-11-01at12.59.41AM.png","size":1129437,"hash":"p6EKokPGInc86c3ya/6v5SNzgIs=","fileName":"Screenshot2024-11-01at12.59.41AM.png","name":"Screenshot2024-11-01at12.59.41AM","width":816,"height":786,"thumbnail":{"url":"np://user.desktop.nicepage.com/Site_299406415/images/thumbnails/Screenshot2024-11-01at12.59.41AM.png","width":250,"height":241},"folderId":null,"usages":["14747174"]},{"id":"user-image-Screenshot2024-11-01at12.59.14AM.png","publicUrl":"np://user.desktop.nicepage.com/Site_299406415/images/Screenshot2024-11-01at12.59.14AM.png","size":1746666,"hash":"klY8DYeSPgTNFWzln8nEGFrNQYg=","fileName":"Screenshot2024-11-01at12.59.14AM.png","name":"Screenshot2024-11-01at12.59.14AM","width":1136,"height":786,"thumbnail":{"url":"np://user.desktop.nicepage.com/Site_299406415/images/thumbnails/Screenshot2024-11-01at12.59.14AM.png","width":250,"height":173},"folderId":null,"usages":["14747174"]},{"id":"user-image-Screenshot2024-11-01at12.59.01AM.png","publicUrl":"np://user.desktop.nicepage.com/Site_299406415/images/Screenshot2024-11-01at12.59.01AM.png","size":1297833,"hash":"qHWBNnqSXvM0ZP/P1fwdo7m82m4=","fileName":"Screenshot2024-11-01at12.59.01AM.png","name":"Screenshot2024-11-01at12.59.01AM","width":1136,"height":786,"thumbnail":{"url":"np://user.desktop.nicepage.com/Site_299406415/images/thumbnails/Screenshot2024-11-01at12.59.01AM.png","width":250,"height":173},"folderId":null,"usages":["14747174"]},{"id":"user-image-Screenshot2024-11-01at12.59.30AM.png","publicUrl":"np://user.desktop.nicepage.com/Site_299406415/images/Screenshot2024-11-01at12.59.30AM.png","size":1281120,"hash":"z1O+TAwAGKNZGbmowE/83qG0UcM=","fileName":"Screenshot2024-11-01at12.59.30AM.png","name":"Screenshot2024-11-01at12.59.30AM","width":1136,"height":786,"thumbnail":{"url":"np://user.desktop.nicepage.com/Site_299406415/images/thumbnails/Screenshot2024-11-01at12.59.30AM.png","width":250,"height":173},"folderId":null,"usages":["14747174"]},{"id":"user-image-Screenshot2024-11-01at12.59.52AM.png","publicUrl":"np://user.desktop.nicepage.com/Site_299406415/images/Screenshot2024-11-01at12.59.52AM.png","size":1634287,"hash":"NcCn6DsaBeaHLDS44nu4OfBrp7s=","fileName":"Screenshot2024-11-01at12.59.52AM.png","name":"Screenshot2024-11-01at12.59.52AM","width":1104,"height":786,"thumbnail":{"url":"np://user.desktop.nicepage.com/Site_299406415/images/thumbnails/Screenshot2024-11-01at12.59.52AM.png","width":250,"height":178},"folderId":null,"usages":["14747174"]},{"id":"user-image-Screenshot2024-11-01at1.00.23AM.png","publicUrl":"np://user.desktop.nicepage.com/Site_299406415/images/Screenshot2024-11-01at1.00.23AM.png","size":1194259,"hash":"o3e6EmsavwQhcTKxIwEPblGjQ28=","fileName":"Screenshot2024-11-01at1.00.23AM.png","name":"Screenshot2024-11-01at1.00.23AM","width":1104,"height":786,"thumbnail":{"url":"np://user.desktop.nicepage.com/Site_299406415/images/thumbnails/Screenshot2024-11-01at1.00.23AM.png","width":250,"height":178},"folderId":null,"usages":["14747174"]},{"id":"user-image-1709326667006.jpeg","publicUrl":"np://user.desktop.nicepage.com/Site_299406415/images/1709326667006.jpeg","size":92851,"hash":"Z3ViNlVMTHoPQf+2gc/ZcsUs6hg=","fileName":"1709326667006.jpeg","name":"1709326667006","width":800,"height":800,"thumbnail":{"url":"np://user.desktop.nicepage.com/Site_299406415/images/thumbnails/1709326667006.jpeg","width":250,"height":250},"folderId":null,"usages":["148693746"]},{"id":"user-image-Screenshot2024-11-01at12.09.25AM.png","publicUrl":"np://user.desktop.nicepage.com/Site_299406415/images/Screenshot2024-11-01at12.09.25AM.png","size":3016210,"hash":"/05qqPjGd1bsSRa/fOrj4aAr4Cs=","fileName":"Screenshot2024-11-01at12.09.25AM.png","name":"Screenshot2024-11-01at12.09.25AM","width":1202,"height":1554,"thumbnail":{"url":"np://user.desktop.nicepage.com/Site_299406415/images/thumbnails/Screenshot2024-11-01at12.09.25AM.png","width":193,"height":250},"folderId":null,"usages":["148693746"]},{"id":"user-image-Screenshot2024-11-01at12.08.53AM.png","publicUrl":"np://user.desktop.nicepage.com/Site_299406415/images/Screenshot2024-11-01at12.08.53AM.png","size":3587011,"hash":"VZa0ftdsE8lxW72oaMIAg4vmr0k=","fileName":"Screenshot2024-11-01at12.08.53AM.png","name":"Screenshot2024-11-01at12.08.53AM","width":1156,"height":1554,"thumbnail":{"url":"np://user.desktop.nicepage.com/Site_299406415/images/thumbnails/Screenshot2024-11-01at12.08.53AM.png","width":186,"height":250},"folderId":null,"usages":["148693746"]},{"id":"user-image-Screenshot2024-11-01at12.08.25AM.png","publicUrl":"np://user.desktop.nicepage.com/Site_299406415/images/Screenshot2024-11-01at12.08.25AM.png","size":2331307,"hash":"srH4E4c7nrdrSXvNjnOy/ibO4gc=","fileName":"Screenshot2024-11-01at12.08.25AM.png","name":"Screenshot2024-11-01at12.08.25AM","width":1294,"height":1554,"thumbnail":{"url":"np://user.desktop.nicepage.com/Site_299406415/images/thumbnails/Screenshot2024-11-01at12.08.25AM.png","width":208,"height":250},"folderId":null,"usages":["148693746"]},{"id":"user-image-Screenshot2024-11-01at12.07.25AM.png","publicUrl":"np://user.desktop.nicepage.com/Site_299406415/images/Screenshot2024-11-01at12.07.25AM.png","size":3635898,"hash":"t4HGyDJw3T8kg/ewDWXVNeC6bZw=","fileName":"Screenshot2024-11-01at12.07.25AM.png","name":"Screenshot2024-11-01at12.07.25AM","width":1294,"height":1604,"thumbnail":{"url":"np://user.desktop.nicepage.com/Site_299406415/images/thumbnails/Screenshot2024-11-01at12.07.25AM.png","width":202,"height":250},"folderId":null,"usages":["148693746"]},{"id":"user-image-9d4db479-dd6d-444f-bf16-e476768d43ac.jpg","publicUrl":"np://user.desktop.nicepage.com/Site_299406415/images/9d4db479-dd6d-444f-bf16-e476768d43ac.jpg","size":633299,"hash":"2pISo/x6bbZ7pYGYo8TIk7vVmHw=","fileName":"9d4db479-dd6d-444f-bf16-e476768d43ac.jpg","name":"9d4db479-dd6d-444f-bf16-e476768d43ac","width":1536,"height":2048,"thumbnail":{"url":"np://user.desktop.nicepage.com/Site_299406415/images/thumbnails/9d4db479-dd6d-444f-bf16-e476768d43ac.jpg","width":188,"height":250},"folderId":null,"usages":["14747174"]},{"id":"user-image-Image_USS.jpg","publicUrl":"np://user.desktop.nicepage.com/Site_299406415/images/Image_USS.jpg","size":3533838,"hash":"AwWwjGFojufmSh5gzxf3vPsrPQ4=","fileName":"Image_USS.jpg","name":"Image_USS","width":2606,"height":3475,"thumbnail":{"url":"np://user.desktop.nicepage.com/Site_299406415/images/thumbnails/Image_USS.jpg","width":187,"height":250},"folderId":null,"usages":["148693746"]},{"id":"user-image-1727405501770.jpg","publicUrl":"np://user.desktop.nicepage.com/Site_299406415/images/1727405501770.jpg","size":29735,"hash":"4p/ashLT4dOByBbJVBSih18X0yA=","fileName":"1727405501770.jpg","name":"1727405501770","width":400,"height":400,"thumbnail":{"url":"np://user.desktop.nicepage.com/Site_299406415/images/thumbnails/1727405501770.jpg","width":250,"height":250},"folderId":null,"usages":["148693746"]},{"id":"user-image-1632792977682.jpeg","publicUrl":"np://user.desktop.nicepage.com/Site_299406415/images/1632792977682.jpeg","size":101131,"hash":"tne/YikbGEAYQ88FjtUGO4culmQ=","fileName":"1632792977682.jpeg","name":"1632792977682","width":800,"height":800,"thumbnail":{"url":"np://user.desktop.nicepage.com/Site_299406415/images/thumbnails/1632792977682.jpeg","width":250,"height":250},"usages":["148693746"]},{"id":"user-image-3536505.png","publicUrl":"np://user.desktop.nicepage.com/Site_299406415/images/3536505.png","size":2643,"hash":"WyZ0gTejSZPocf+B8peDx8+O/4Q=","fileName":"3536505.png","name":"3536505","width":128,"height":128,"thumbnail":{"url":"np://user.desktop.nicepage.com/Site_299406415/images/thumbnails/3536505.png","width":128,"height":128,"length":2643,"type":"png"},"usages":["466602204"]},{"id":"user-image-9fbf6175-32cf-47e9-9a4a-257b44e8e428.jpeg","publicUrl":"np://user.desktop.nicepage.com/Site_299406415/images/9fbf6175-32cf-47e9-9a4a-257b44e8e428.jpeg","size":141940,"hash":"Vx9Ow+UUEs80ni++6SzEw7ReIlM=","fileName":"9fbf6175-32cf-47e9-9a4a-257b44e8e428.jpeg","name":"9fbf6175-32cf-47e9-9a4a-257b44e8e428","width":800,"height":600,"thumbnail":{"url":"np://user.desktop.nicepage.com/Site_299406415/images/thumbnails/9fbf6175-32cf-47e9-9a4a-257b44e8e428.jpeg","width":250,"height":188},"usages":["63961622"]},{"id":"user-image-9fbf6175-32cf-47e9-9a4a-257b44e8e4281.JPG","publicUrl":"np://user.desktop.nicepage.com/Site_299406415/images/9fbf6175-32cf-47e9-9a4a-257b44e8e4281.JPG","size":334688,"hash":"mDqRd0d82vyAqcY1FoWQxggxAMI=","fileName":"9fbf6175-32cf-47e9-9a4a-257b44e8e4281.JPG","name":"9fbf6175-32cf-47e9-9a4a-257b44e8e4281","width":1600,"height":1200,"thumbnail":{"url":"np://user.desktop.nicepage.com/Site_299406415/images/thumbnails/9fbf6175-32cf-47e9-9a4a-257b44e8e4281.JPG","width":250,"height":188},"usages":["35356898"]},{"id":"user-image-CanadaDayWeekendUSSADMIN.JPG","publicUrl":"np://user.desktop.nicepage.com/Site_299406415/images/CanadaDayWeekendUSSADMIN.JPG","size":441153,"hash":"u8KHUpfv2guOrMpmLOh2K6hhZsA=","fileName":"CanadaDayWeekendUSSADMIN.JPG","name":"CanadaDayWeekendUSSADMIN","width":1920,"height":1440,"thumbnail":{"url":"np://user.desktop.nicepage.com/Site_299406415/images/thumbnails/CanadaDayWeekendUSSADMIN.JPG","width":250,"height":188},"usages":["63961622"]},{"id":"user-image-CanadaDayWeekendUSSADMIN1.JPG","publicUrl":"np://user.desktop.nicepage.com/Site_299406415/images/CanadaDayWeekendUSSADMIN1.JPG","size":441153,"hash":"u8KHUpfv2guOrMpmLOh2K6hhZsA=","fileName":"CanadaDayWeekendUSSADMIN1.JPG","name":"CanadaDayWeekendUSSADMIN1","width":1920,"height":1440,"thumbnail":{"url":"np://user.desktop.nicepage.com/Site_299406415/images/thumbnails/CanadaDayWeekendUSSADMIN1.JPG","width":250,"height":188},"usages":["35356898"]},{"id":"user-image-732200.png","publicUrl":"np://user.desktop.nicepage.com/Site_299406415/images/732200.png","size":3212,"hash":"zuEixmNZlytvA7gVeB0s0SHufFY=","fileName":"732200.png","name":"732200","width":128,"height":128,"thumbnail":{"url":"np://user.desktop.nicepage.com/Site_299406415/images/thumbnails/732200.png","width":128,"height":128,"length":3212,"type":"png"},"usages":["466602204"]},{"id":"user-image-9fbf6175-32cf-47e9-9a4a-257b44e8e428.JPG","publicUrl":"np://user.desktop.nicepage.com/Site_299406415/images/9fbf6175-32cf-47e9-9a4a-257b44e8e428.JPG","size":334688,"hash":"mDqRd0d82vyAqcY1FoWQxggxAMI=","fileName":"9fbf6175-32cf-47e9-9a4a-257b44e8e428.JPG","name":"9fbf6175-32cf-47e9-9a4a-257b44e8e428","width":1600,"height":1200,"thumbnail":{"url":"np://user.desktop.nicepage.com/Site_299406415/images/thumbnails/9fbf6175-32cf-47e9-9a4a-257b44e8e428.JPG","width":250,"height":188},"usages":["52611005","466602204"]},{"id":"user-image-IMG_7235.jpeg","publicUrl":"np://user.desktop.nicepage.com/Site_299406415/images/IMG_7235.jpeg","size":108275,"hash":"4LTR+LJ6IdBbYxiuLCcYz9RCF3I=","fileName":"IMG_7235.jpeg","name":"IMG_7235","width":585,"height":748,"thumbnail":{"url":"np://user.desktop.nicepage.com/Site_299406415/images/thumbnails/IMG_7235.jpeg","width":196,"height":250},"usages":["63961622","14747174"]},{"id":"user-image-PHOTO-2024-05-21-20-22-01.jpg","publicUrl":"np://user.desktop.nicepage.com/Site_299406415/images/PHOTO-2024-05-21-20-22-01.jpg","size":320463,"hash":"eAUDozOuxK+gu+VniePOknyFqHk=","fileName":"PHOTO-2024-05-21-20-22-01.jpg","name":"PHOTO-2024-05-21-20-22-01","width":1600,"height":1200,"thumbnail":{"url":"np://user.desktop.nicepage.com/Site_299406415/images/thumbnails/PHOTO-2024-05-21-20-22-01.jpg","width":250,"height":188},"usages":["14747174"]},{"id":"user-image-IMG_4776.jpg","publicUrl":"np://user.desktop.nicepage.com/Site_299406415/images/IMG_4776.jpg","size":518235,"hash":"wf6lBAnhV99TmmciTOBrw1BfMWE=","fileName":"IMG_4776.jpg","name":"IMG_4776","width":1365,"height":2048,"thumbnail":{"url":"np://user.desktop.nicepage.com/Site_299406415/images/thumbnails/IMG_4776.jpg","width":167,"height":250},"usages":["14747174"]},{"id":"user-image-IMG_6411.jpg","publicUrl":"np://user.desktop.nicepage.com/Site_299406415/images/IMG_6411.jpg","size":442357,"hash":"iNtqtoChvnJGwwnNmq/xttSdbco=","fileName":"IMG_6411.jpg","name":"IMG_6411","width":2048,"height":1365,"thumbnail":{"url":"np://user.desktop.nicepage.com/Site_299406415/images/thumbnails/IMG_6411.jpg","width":250,"height":167},"usages":["14747174"]},{"id":"user-image-WhatsAppImage2024-05-21aS20.29.07.jpeg","publicUrl":"np://user.desktop.nicepage.com/Site_299406415/images/WhatsAppImage2024-05-21aS20.29.07.jpeg","size":339376,"hash":"DQc1tgbxeqGQhjOipJX1dwJst5s=","fileName":"WhatsAppImage2024-05-21aS20.29.07.jpeg","name":"WhatsAppImage2024-05-21aS20.29.07","width":1600,"height":1200,"thumbnail":{"url":"np://user.desktop.nicepage.com/Site_299406415/images/thumbnails/WhatsAppImage2024-05-21aS20.29.07.jpeg","width":250,"height":188},"usages":["14747174"]},{"id":"user-image-WhatsAppImage2024-05-21at20.29.05.jpeg","publicUrl":"np://user.desktop.nicepage.com/Site_299406415/images/WhatsAppImage2024-05-21at20.29.05.jpeg","size":210387,"hash":"7nMTgU4q4NCHLVl4H6LV3+lRqSk=","fileName":"WhatsAppImage2024-05-21at20.29.05.jpeg","name":"WhatsAppImage2024-05-21at20.29.05","width":1600,"height":1200,"thumbnail":{"url":"np://user.desktop.nicepage.com/Site_299406415/images/thumbnails/WhatsAppImage2024-05-21at20.29.05.jpeg","width":250,"height":188},"usages":["14747174"]},{"id":"user-image-photo-1200_singular_display_fullPicture.jpeg","publicUrl":"np://user.desktop.nicepage.com/Site_299406415/images/photo-1200_singular_display_fullPicture.jpeg","size":931796,"hash":"5eRDpj5CwXqc7QHmQ9xLWUS/BJg=","fileName":"photo-1200_singular_display_fullPicture.jpeg","name":"photo-1200_singular_display_fullPicture","width":1440,"height":1920,"thumbnail":{"url":"np://user.desktop.nicepage.com/Site_299406415/images/thumbnails/photo-1200_singular_display_fullPicture.jpeg","width":188,"height":250},"usages":["63961622"]},{"id":"user-image-photo-1359_singular_display_fullPicture.jpeg","publicUrl":"np://user.desktop.nicepage.com/Site_299406415/images/photo-1359_singular_display_fullPicture.jpeg","size":1260643,"hash":"dXSs8K7OfkOJuFTJzz2xRJ9nIrs=","fileName":"photo-1359_singular_display_fullPicture.jpeg","name":"photo-1359_singular_display_fullPicture","width":1440,"height":1920,"thumbnail":{"url":"np://user.desktop.nicepage.com/Site_299406415/images/thumbnails/photo-1359_singular_display_fullPicture.jpeg","width":188,"height":250},"usages":["63961622"]},{"id":"user-image-photo-1365_singular_display_fullPicture.jpeg","publicUrl":"np://user.desktop.nicepage.com/Site_299406415/images/photo-1365_singular_display_fullPicture.jpeg","size":955036,"hash":"ZzXt2bvKpqdxCX0cy9Jc00ctMuM=","fileName":"photo-1365_singular_display_fullPicture.jpeg","name":"photo-1365_singular_display_fullPicture","width":1440,"height":1920,"thumbnail":{"url":"np://user.desktop.nicepage.com/Site_299406415/images/thumbnails/photo-1365_singular_display_fullPicture.jpeg","width":188,"height":250},"usages":["63961622"]},{"id":"user-image-Screenshot2023-08-28at12.14.13AM.png","publicUrl":"np://user.desktop.nicepage.com/Site_299406415/images/Screenshot2023-08-28at12.14.13AM.png","size":1326254,"hash":"v99LKuk3Si8yPRBiYFxPnBNC2m0=","fileName":"Screenshot2023-08-28at12.14.13AM.png","name":"Screenshot2023-08-28at12.14.13AM","width":1019,"height":731,"thumbnail":{"url":"np://user.desktop.nicepage.com/Site_299406415/images/thumbnails/Screenshot2023-08-28at12.14.13AM.png","width":250,"height":179},"usages":["14747174"]},{"id":"user-image-ussteam.jpeg","publicUrl":"np://user.desktop.nicepage.com/Site_299406415/images/ussteam.jpeg","size":252792,"hash":"6kT3V3F0SsvY3gmKb3bd1FT+8A4=","fileName":"ussteam.jpeg","name":"ussteam","width":1200,"height":1600,"thumbnail":{"url":"np://user.desktop.nicepage.com/Site_299406415/images/thumbnails/ussteam.jpeg","width":188,"height":250},"usages":["148693746"]},{"id":"user-image-Screenshot2024-05-21at8.41.56PM.png","publicUrl":"np://user.desktop.nicepage.com/Site_299406415/images/Screenshot2024-05-21at8.41.56PM.png","size":962795,"hash":"dF33f+okvWbLr8NfVwHDLFI93Dg=","fileName":"Screenshot2024-05-21at8.41.56PM.png","name":"Screenshot2024-05-21at8.41.56PM","width":873,"height":514,"thumbnail":{"url":"np://user.desktop.nicepage.com/Site_299406415/images/thumbnails/Screenshot2024-05-21at8.41.56PM.png","width":250,"height":147},"usages":["14747174"]},{"id":"user-image-USS-YFC-TSC-MERGED.png","publicUrl":"np://user.desktop.nicepage.com/Site_299406415/images/USS-YFC-TSC-MERGED.png","size":68552,"hash":"MLsRSb8RLAwsYDPyAtngLKYjz4A=","fileName":"USS-YFC-TSC-MERGED.png","name":"USS-YFC-TSC-MERGED","width":737,"height":148,"thumbnail":{"url":"np://user.desktop.nicepage.com/Site_299406415/images/thumbnails/USS-YFC-TSC-MERGED.png","width":250,"height":50},"usages":[]},{"id":"user-image-favicon.png","publicUrl":"np://user.desktop.nicepage.com/Site_299406415/images/favicon.png","size":20702,"hash":"PfEjEKN6/lzovRfFrlPj/KAl3Uo=","fileName":"favicon.png","name":"favicon","width":200,"height":200,"thumbnail":{"url":"np://user.desktop.nicepage.com/Site_299406415/images/thumbnails/favicon.png","width":200,"height":200,"length":20702,"type":"png"},"folderId":null,"usages":[]}]