[{"id":"user-image-CanadaDayWeekendUSSADMIN.JPG","publicUrl":"np://user.desktop.nicepage.com/Site_209007597/images/CanadaDayWeekendUSSADMIN.JPG","size":441153,"hash":"u8KHUpfv2guOrMpmLOh2K6hhZsA=","fileName":"CanadaDayWeekendUSSADMIN.JPG","name":"CanadaDayWeekendUSSADMIN","width":1920,"height":1440,"thumbnail":{"url":"np://user.desktop.nicepage.com/Site_209007597/images/thumbnails/CanadaDayWeekendUSSADMIN.JPG","width":250,"height":188},"usages":["52611005"]},{"id":"user-image-USS-YFC-TSC-MERGED.png","publicUrl":"np://user.desktop.nicepage.com/Site_209007597/images/USS-YFC-TSC-MERGED.png","size":68552,"hash":"MLsRSb8RLAwsYDPyAtngLKYjz4A=","fileName":"USS-YFC-TSC-MERGED.png","name":"USS-YFC-TSC-MERGED","width":737,"height":148,"thumbnail":{"url":"np://user.desktop.nicepage.com/Site_209007597/images/thumbnails/USS-YFC-TSC-MERGED.png","width":250,"height":50},"usages":[]},{"id":"user-image-9fbf6175-32cf-47e9-9a4a-257b44e8e428.JPG","publicUrl":"np://user.desktop.nicepage.com/Site_209007597/images/9fbf6175-32cf-47e9-9a4a-257b44e8e428.JPG","size":334688,"hash":"mDqRd0d82vyAqcY1FoWQxggxAMI=","fileName":"9fbf6175-32cf-47e9-9a4a-257b44e8e428.JPG","name":"9fbf6175-32cf-47e9-9a4a-257b44e8e428","width":1600,"height":1200,"thumbnail":{"url":"np://user.desktop.nicepage.com/Site_209007597/images/thumbnails/9fbf6175-32cf-47e9-9a4a-257b44e8e428.JPG","width":250,"height":188},"usages":["52611005"]},{"id":"user-image-3536505.png","publicUrl":"np://user.desktop.nicepage.com/Site_209007597/images/3536505.png","size":2643,"hash":"WyZ0gTejSZPocf+B8peDx8+O/4Q=","fileName":"3536505.png","name":"3536505","width":128,"height":128,"thumbnail":{"url":"np://user.desktop.nicepage.com/Site_209007597/images/thumbnails/3536505.png","width":128,"height":128,"length":2643,"type":"png"},"usages":[]},{"id":"user-image-732200.png","publicUrl":"np://user.desktop.nicepage.com/Site_209007597/images/732200.png","size":3212,"hash":"zuEixmNZlytvA7gVeB0s0SHufFY=","fileName":"732200.png","name":"732200","width":128,"height":128,"thumbnail":{"url":"np://user.desktop.nicepage.com/Site_209007597/images/thumbnails/732200.png","width":128,"height":128,"length":3212,"type":"png"},"usages":[]}]